material,morphology,indenter,X_contact_mm,region_index,region_start,region_end,response_rms_DN_per_N,is_peak_region
solaris,baseline,sphere_10mm,0.0,1,0.0,0.16666666666666666,0.6433188889068339,False
solaris,baseline,sphere_10mm,0.0,2,0.16666666666666666,0.3333333333333333,1.3453960901221835,True
solaris,baseline,sphere_10mm,0.0,3,0.3333333333333333,0.5,0.6563939821576514,False
solaris,baseline,sphere_10mm,0.0,4,0.5,0.6666666666666666,0.4022796202268889,False
solaris,baseline,sphere_10mm,0.0,5,0.6666666666666666,0.8333333333333333,0.15556134448818285,False
solaris,baseline,sphere_10mm,0.0,6,0.8333333333333333,1.0,0.3112936125922417,False
solaris,baseline,sphere_10mm,11.0,1,0.0,0.16666666666666666,0.3329636025294773,False
solaris,baseline,sphere_10mm,11.0,2,0.16666666666666666,0.3333333333333333,0.8648026900006278,True
solaris,baseline,sphere_10mm,11.0,3,0.3333333333333333,0.5,0.6320223512503292,False
solaris,baseline,sphere_10mm,11.0,4,0.5,0.6666666666666666,0.2588443139726603,False
solaris,baseline,sphere_10mm,11.0,5,0.6666666666666666,0.8333333333333333,0.0734945860859267,False
solaris,baseline,sphere_10mm,11.0,6,0.8333333333333333,1.0,0.17535572151405432,False
solaris,baseline,sphere_10mm,22.0,1,0.0,0.16666666666666666,0.34711382323540857,False
solaris,baseline,sphere_10mm,22.0,2,0.16666666666666666,0.3333333333333333,0.5984064855258054,False
solaris,baseline,sphere_10mm,22.0,3,0.3333333333333333,0.5,0.8725308254660346,True
solaris,baseline,sphere_10mm,22.0,4,0.5,0.6666666666666666,0.24912431877370034,False
solaris,baseline,sphere_10mm,22.0,5,0.6666666666666666,0.8333333333333333,0.08006723358355453,False
solaris,baseline,sphere_10mm,22.0,6,0.8333333333333333,1.0,0.23853389685360962,False
solaris,baseline,sphere_10mm,33.0,1,0.0,0.16666666666666666,0.33365716474739643,False
solaris,baseline,sphere_10mm,33.0,2,0.16666666666666666,0.3333333333333333,0.21406960832564548,False
solaris,baseline,sphere_10mm,33.0,3,0.3333333333333333,0.5,0.6210216469846528,False
solaris,baseline,sphere_10mm,33.0,4,0.5,0.6666666666666666,0.694001479511713,True
solaris,baseline,sphere_10mm,33.0,5,0.6666666666666666,0.8333333333333333,0.11894808628074853,False
solaris,baseline,sphere_10mm,33.0,6,0.8333333333333333,1.0,0.153139215590196,False
solaris,baseline,sphere_10mm,44.0,1,0.0,0.16666666666666666,0.3935525110357034,False
solaris,baseline,sphere_10mm,44.0,2,0.16666666666666666,0.3333333333333333,0.20136433743249327,False
solaris,baseline,sphere_10mm,44.0,3,0.3333333333333333,0.5,0.1757468556829191,False
solaris,baseline,sphere_10mm,44.0,4,0.5,0.6666666666666666,0.5932000295370973,True
solaris,baseline,sphere_10mm,44.0,5,0.6666666666666666,0.8333333333333333,0.2540202910543354,False
solaris,baseline,sphere_10mm,44.0,6,0.8333333333333333,1.0,0.46913833826831974,False
solaris,baseline,sphere_10mm,55.0,1,0.0,0.16666666666666666,0.05150655466667547,False
solaris,baseline,sphere_10mm,55.0,2,0.16666666666666666,0.3333333333333333,0.10435062843883283,False
solaris,baseline,sphere_10mm,55.0,3,0.3333333333333333,0.5,0.04861745610998718,False
solaris,baseline,sphere_10mm,55.0,4,0.5,0.6666666666666666,0.15698855208995757,False
solaris,baseline,sphere_10mm,55.0,5,0.6666666666666666,0.8333333333333333,0.3425845263917576,False
solaris,baseline,sphere_10mm,55.0,6,0.8333333333333333,1.0,0.3445442696401992,True
solaris,flat_opt,sphere_10mm,0.0,1,0.0,0.16666666666666666,0.4773889639652301,False
solaris,flat_opt,sphere_10mm,0.0,2,0.16666666666666666,0.3333333333333333,1.0612290379121911,True
solaris,flat_opt,sphere_10mm,0.0,3,0.3333333333333333,0.5,0.5662645948052816,False
solaris,flat_opt,sphere_10mm,0.0,4,0.5,0.6666666666666666,0.3584332955557409,False
solaris,flat_opt,sphere_10mm,0.0,5,0.6666666666666666,0.8333333333333333,0.2419362444096324,False
solaris,flat_opt,sphere_10mm,0.0,6,0.8333333333333333,1.0,0.22122331007210763,False
solaris,flat_opt,sphere_10mm,11.0,1,0.0,0.16666666666666666,0.25557671748537236,False
solaris,flat_opt,sphere_10mm,11.0,2,0.16666666666666666,0.3333333333333333,0.7249752027668284,False
solaris,flat_opt,sphere_10mm,11.0,3,0.3333333333333333,0.5,0.9534024874271346,True
solaris,flat_opt,sphere_10mm,11.0,4,0.5,0.6666666666666666,0.3907214831948394,False
solaris,flat_opt,sphere_10mm,11.0,5,0.6666666666666666,0.8333333333333333,0.2519783017720597,False
solaris,flat_opt,sphere_10mm,11.0,6,0.8333333333333333,1.0,0.19805510809240467,False
solaris,flat_opt,sphere_10mm,22.0,1,0.0,0.16666666666666666,0.21453988126816886,False
solaris,flat_opt,sphere_10mm,22.0,2,0.16666666666666666,0.3333333333333333,0.2811781881694067,False
solaris,flat_opt,sphere_10mm,22.0,3,0.3333333333333333,0.5,0.8661214390758173,True
solaris,flat_opt,sphere_10mm,22.0,4,0.5,0.6666666666666666,0.5407838322250059,False
solaris,flat_opt,sphere_10mm,22.0,5,0.6666666666666666,0.8333333333333333,0.2531984455545447,False
solaris,flat_opt,sphere_10mm,22.0,6,0.8333333333333333,1.0,0.287175870321305,False
solaris,flat_opt,sphere_10mm,33.0,1,0.0,0.16666666666666666,0.24238399563050006,False
solaris,flat_opt,sphere_10mm,33.0,2,0.16666666666666666,0.3333333333333333,0.2628566411036398,False
solaris,flat_opt,sphere_10mm,33.0,3,0.3333333333333333,0.5,0.4073773463508382,False
solaris,flat_opt,sphere_10mm,33.0,4,0.5,0.6666666666666666,0.8267399262199385,True
solaris,flat_opt,sphere_10mm,33.0,5,0.6666666666666666,0.8333333333333333,0.2783173870158598,False
solaris,flat_opt,sphere_10mm,33.0,6,0.8333333333333333,1.0,0.3587061177154528,False
solaris,flat_opt,sphere_10mm,44.0,1,0.0,0.16666666666666666,0.2173990004283882,False
solaris,flat_opt,sphere_10mm,44.0,2,0.16666666666666666,0.3333333333333333,0.21191054667011675,False
solaris,flat_opt,sphere_10mm,44.0,3,0.3333333333333333,0.5,0.23145200959815232,False
solaris,flat_opt,sphere_10mm,44.0,4,0.5,0.6666666666666666,0.5634737554816679,False
solaris,flat_opt,sphere_10mm,44.0,5,0.6666666666666666,0.8333333333333333,1.0491833747707937,True
solaris,flat_opt,sphere_10mm,44.0,6,0.8333333333333333,1.0,0.5377977096692661,False
solaris,flat_opt,sphere_10mm,55.0,1,0.0,0.16666666666666666,0.13220138532013317,False
solaris,flat_opt,sphere_10mm,55.0,2,0.16666666666666666,0.3333333333333333,0.16513211844339235,False
solaris,flat_opt,sphere_10mm,55.0,3,0.3333333333333333,0.5,0.17782732172584864,False
solaris,flat_opt,sphere_10mm,55.0,4,0.5,0.6666666666666666,0.1837004141636991,False
solaris,flat_opt,sphere_10mm,55.0,5,0.6666666666666666,0.8333333333333333,0.8006828507813671,True
solaris,flat_opt,sphere_10mm,55.0,6,0.8333333333333333,1.0,0.38508378343527283,False
solaris,angled_opt,sphere_10mm,0.0,1,0.0,0.16666666666666666,0.6341547744575663,False
solaris,angled_opt,sphere_10mm,0.0,2,0.16666666666666666,0.3333333333333333,1.0608114440354868,True
solaris,angled_opt,sphere_10mm,0.0,3,0.3333333333333333,0.5,0.4090473491267433,False
solaris,angled_opt,sphere_10mm,0.0,4,0.5,0.6666666666666666,0.26893319087312373,False
solaris,angled_opt,sphere_10mm,0.0,5,0.6666666666666666,0.8333333333333333,0.22797032158691444,False
solaris,angled_opt,sphere_10mm,0.0,6,0.8333333333333333,1.0,0.20320464487601858,False
solaris,angled_opt,sphere_10mm,11.0,1,0.0,0.16666666666666666,0.3108227835865903,False
solaris,angled_opt,sphere_10mm,11.0,2,0.16666666666666666,0.3333333333333333,0.5460417006375355,True
solaris,angled_opt,sphere_10mm,11.0,3,0.3333333333333333,0.5,0.5095633330584224,False
solaris,angled_opt,sphere_10mm,11.0,4,0.5,0.6666666666666666,0.2379802267192349,False
solaris,angled_opt,sphere_10mm,11.0,5,0.6666666666666666,0.8333333333333333,0.20460968683304878,False
solaris,angled_opt,sphere_10mm,11.0,6,0.8333333333333333,1.0,0.17910372861964471,False
solaris,angled_opt,sphere_10mm,22.0,1,0.0,0.16666666666666666,0.20801538252043064,False
solaris,angled_opt,sphere_10mm,22.0,2,0.16666666666666666,0.3333333333333333,0.23762967709416666,False
solaris,angled_opt,sphere_10mm,22.0,3,0.3333333333333333,0.5,0.8509824455406999,True
solaris,angled_opt,sphere_10mm,22.0,4,0.5,0.6666666666666666,0.39130997785447585,False
solaris,angled_opt,sphere_10mm,22.0,5,0.6666666666666666,0.8333333333333333,0.22079466723922825,False
solaris,angled_opt,sphere_10mm,22.0,6,0.8333333333333333,1.0,0.2279794936021046,False
solaris,angled_opt,sphere_10mm,33.0,1,0.0,0.16666666666666666,0.20354276919038147,False
solaris,angled_opt,sphere_10mm,33.0,2,0.16666666666666666,0.3333333333333333,0.2143647195059618,False
solaris,angled_opt,sphere_10mm,33.0,3,0.3333333333333333,0.5,0.4332991528108173,False
solaris,angled_opt,sphere_10mm,33.0,4,0.5,0.6666666666666666,0.8835787343150597,True
solaris,angled_opt,sphere_10mm,33.0,5,0.6666666666666666,0.8333333333333333,0.3412496194689752,False
solaris,angled_opt,sphere_10mm,33.0,6,0.8333333333333333,1.0,0.369604237982045,False
solaris,angled_opt,sphere_10mm,44.0,1,0.0,0.16666666666666666,0.2315778064592741,False
solaris,angled_opt,sphere_10mm,44.0,2,0.16666666666666666,0.3333333333333333,0.18490767394784363,False
solaris,angled_opt,sphere_10mm,44.0,3,0.3333333333333333,0.5,0.20399234331588684,False
solaris,angled_opt,sphere_10mm,44.0,4,0.5,0.6666666666666666,0.7516887950261963,False
solaris,angled_opt,sphere_10mm,44.0,5,0.6666666666666666,0.8333333333333333,0.9056680957618698,True
solaris,angled_opt,sphere_10mm,44.0,6,0.8333333333333333,1.0,0.472517965693749,False
solaris,angled_opt,sphere_10mm,55.0,1,0.0,0.16666666666666666,0.12734018093342495,False
solaris,angled_opt,sphere_10mm,55.0,2,0.16666666666666666,0.3333333333333333,0.15500540629666976,False
solaris,angled_opt,sphere_10mm,55.0,3,0.3333333333333333,0.5,0.16581127605610377,False
solaris,angled_opt,sphere_10mm,55.0,4,0.5,0.6666666666666666,0.1749725112328398,False
solaris,angled_opt,sphere_10mm,55.0,5,0.6666666666666666,0.8333333333333333,0.7673441658361798,True
solaris,angled_opt,sphere_10mm,55.0,6,0.8333333333333333,1.0,0.4213623629006113,False
solaris,baseline,sphere_30mm,0.0,1,0.0,0.16666666666666666,0.5141146187513473,False
solaris,baseline,sphere_30mm,0.0,2,0.16666666666666666,0.3333333333333333,1.1633855126923225,True
solaris,baseline,sphere_30mm,0.0,3,0.3333333333333333,0.5,0.6924466248965482,False
solaris,baseline,sphere_30mm,0.0,4,0.5,0.6666666666666666,0.375841962809765,False
solaris,baseline,sphere_30mm,0.0,5,0.6666666666666666,0.8333333333333333,0.1497356957374034,False
solaris,baseline,sphere_30mm,0.0,6,0.8333333333333333,1.0,0.3064656612809905,False
solaris,baseline,sphere_30mm,11.0,1,0.0,0.16666666666666666,0.34158971357350754,False
solaris,baseline,sphere_30mm,11.0,2,0.16666666666666666,0.3333333333333333,0.7313452620343279,True
solaris,baseline,sphere_30mm,11.0,3,0.3333333333333333,0.5,0.548197338088891,False
solaris,baseline,sphere_30mm,11.0,4,0.5,0.6666666666666666,0.23997941197181294,False
solaris,baseline,sphere_30mm,11.0,5,0.6666666666666666,0.8333333333333333,0.05111787179057857,False
solaris,baseline,sphere_30mm,11.0,6,0.8333333333333333,1.0,0.2102658805209357,False
solaris,baseline,sphere_30mm,22.0,1,0.0,0.16666666666666666,0.41645366711834386,False
solaris,baseline,sphere_30mm,22.0,2,0.16666666666666666,0.3333333333333333,0.7346204039699288,False
solaris,baseline,sphere_30mm,22.0,3,0.3333333333333333,0.5,0.7774432399320981,True
solaris,baseline,sphere_30mm,22.0,4,0.5,0.6666666666666666,0.30017664565303265,False
solaris,baseline,sphere_30mm,22.0,5,0.6666666666666666,0.8333333333333333,0.09678410935487475,False
solaris,baseline,sphere_30mm,22.0,6,0.8333333333333333,1.0,0.311688808549402,False
solaris,baseline,sphere_30mm,33.0,1,0.0,0.16666666666666666,0.2932448368518096,False
solaris,baseline,sphere_30mm,33.0,2,0.16666666666666666,0.3333333333333333,0.2079081482545002,False
solaris,baseline,sphere_30mm,33.0,3,0.3333333333333333,0.5,0.5341813823992904,False
solaris,baseline,sphere_30mm,33.0,4,0.5,0.6666666666666666,0.5523379245721342,True
solaris,baseline,sphere_30mm,33.0,5,0.6666666666666666,0.8333333333333333,0.0920263781365177,False
solaris,baseline,sphere_30mm,33.0,6,0.8333333333333333,1.0,0.18675212395028953,False
solaris,baseline,sphere_30mm,44.0,1,0.0,0.16666666666666666,0.3284335485819651,False
solaris,baseline,sphere_30mm,44.0,2,0.16666666666666666,0.3333333333333333,0.20346857933285087,False
solaris,baseline,sphere_30mm,44.0,3,0.3333333333333333,0.5,0.16137257117254897,False
solaris,baseline,sphere_30mm,44.0,4,0.5,0.6666666666666666,0.5115280712548637,False
solaris,baseline,sphere_30mm,44.0,5,0.6666666666666666,0.8333333333333333,0.2291423507329276,False
solaris,baseline,sphere_30mm,44.0,6,0.8333333333333333,1.0,0.548867054800305,True
solaris,baseline,sphere_30mm,55.0,1,0.0,0.16666666666666666,0.08249687579842888,False
solaris,baseline,sphere_30mm,55.0,2,0.16666666666666666,0.3333333333333333,0.1238424050597929,False
solaris,baseline,sphere_30mm,55.0,3,0.3333333333333333,0.5,0.059507104647197724,False
solaris,baseline,sphere_30mm,55.0,4,0.5,0.6666666666666666,0.37352908512844907,False
solaris,baseline,sphere_30mm,55.0,5,0.6666666666666666,0.8333333333333333,0.3176236112403551,False
solaris,baseline,sphere_30mm,55.0,6,0.8333333333333333,1.0,0.37525453753486954,True
solaris,flat_opt,sphere_30mm,0.0,1,0.0,0.16666666666666666,0.4445225169656976,False
solaris,flat_opt,sphere_30mm,0.0,2,0.16666666666666666,0.3333333333333333,0.8705516164106514,True
solaris,flat_opt,sphere_30mm,0.0,3,0.3333333333333333,0.5,0.5474673307739221,False
solaris,flat_opt,sphere_30mm,0.0,4,0.5,0.6666666666666666,0.3530011419698821,False
solaris,flat_opt,sphere_30mm,0.0,5,0.6666666666666666,0.8333333333333333,0.24340875712441717,False
solaris,flat_opt,sphere_30mm,0.0,6,0.8333333333333333,1.0,0.20944263981423686,False
solaris,flat_opt,sphere_30mm,11.0,1,0.0,0.16666666666666666,0.22152615910386977,False
solaris,flat_opt,sphere_30mm,11.0,2,0.16666666666666666,0.3333333333333333,0.5410269720985106,False
solaris,flat_opt,sphere_30mm,11.0,3,0.3333333333333333,0.5,0.8049958441528949,True
solaris,flat_opt,sphere_30mm,11.0,4,0.5,0.6666666666666666,0.35982164301929603,False
solaris,flat_opt,sphere_30mm,11.0,5,0.6666666666666666,0.8333333333333333,0.23565503152232134,False
solaris,flat_opt,sphere_30mm,11.0,6,0.8333333333333333,1.0,0.17890380788412596,False
solaris,flat_opt,sphere_30mm,22.0,1,0.0,0.16666666666666666,0.21568546780372022,False
solaris,flat_opt,sphere_30mm,22.0,2,0.16666666666666666,0.3333333333333333,0.24434207700700672,False
solaris,flat_opt,sphere_30mm,22.0,3,0.3333333333333333,0.5,0.7289011872194708,True
solaris,flat_opt,sphere_30mm,22.0,4,0.5,0.6666666666666666,0.47180247419962834,False
solaris,flat_opt,sphere_30mm,22.0,5,0.6666666666666666,0.8333333333333333,0.24389996766646593,False
solaris,flat_opt,sphere_30mm,22.0,6,0.8333333333333333,1.0,0.27685740929242514,False
solaris,flat_opt,sphere_30mm,33.0,1,0.0,0.16666666666666666,0.19924826196686346,False
solaris,flat_opt,sphere_30mm,33.0,2,0.16666666666666666,0.3333333333333333,0.226759315004768,False
solaris,flat_opt,sphere_30mm,33.0,3,0.3333333333333333,0.5,0.28505797188622994,False
solaris,flat_opt,sphere_30mm,33.0,4,0.5,0.6666666666666666,0.5027450317262677,True
solaris,flat_opt,sphere_30mm,33.0,5,0.6666666666666666,0.8333333333333333,0.27088299425230616,False
solaris,flat_opt,sphere_30mm,33.0,6,0.8333333333333333,1.0,0.28324521566552785,False
solaris,flat_opt,sphere_30mm,44.0,1,0.0,0.16666666666666666,0.1715024236128303,False
solaris,flat_opt,sphere_30mm,44.0,2,0.16666666666666666,0.3333333333333333,0.198165738155653,False
solaris,flat_opt,sphere_30mm,44.0,3,0.3333333333333333,0.5,0.21792511542386642,False
solaris,flat_opt,sphere_30mm,44.0,4,0.5,0.6666666666666666,0.43039513784318423,False
solaris,flat_opt,sphere_30mm,44.0,5,0.6666666666666666,0.8333333333333333,0.8289658677486518,True
solaris,flat_opt,sphere_30mm,44.0,6,0.8333333333333333,1.0,0.358769560358581,False
solaris,flat_opt,sphere_30mm,55.0,1,0.0,0.16666666666666666,0.12000462172564882,False
solaris,flat_opt,sphere_30mm,55.0,2,0.16666666666666666,0.3333333333333333,0.1691641826843256,False
solaris,flat_opt,sphere_30mm,55.0,3,0.3333333333333333,0.5,0.17859408552473102,False
solaris,flat_opt,sphere_30mm,55.0,4,0.5,0.6666666666666666,0.19020368443248217,False
solaris,flat_opt,sphere_30mm,55.0,5,0.6666666666666666,0.8333333333333333,0.843222677304818,True
solaris,flat_opt,sphere_30mm,55.0,6,0.8333333333333333,1.0,0.4955172932876668,False
solaris,angled_opt,sphere_30mm,0.0,1,0.0,0.16666666666666666,0.4645922861717731,False
solaris,angled_opt,sphere_30mm,0.0,2,0.16666666666666666,0.3333333333333333,1.2406361664152672,True
solaris,angled_opt,sphere_30mm,0.0,3,0.3333333333333333,0.5,0.6139574721452884,False
solaris,angled_opt,sphere_30mm,0.0,4,0.5,0.6666666666666666,0.3945363376093746,False
solaris,angled_opt,sphere_30mm,0.0,5,0.6666666666666666,0.8333333333333333,0.29812054762757684,False
solaris,angled_opt,sphere_30mm,0.0,6,0.8333333333333333,1.0,0.31276912492330317,False
solaris,angled_opt,sphere_30mm,11.0,1,0.0,0.16666666666666666,0.45320955736280755,False
solaris,angled_opt,sphere_30mm,11.0,2,0.16666666666666666,0.3333333333333333,0.38356598249404217,False
solaris,angled_opt,sphere_30mm,11.0,3,0.3333333333333333,0.5,0.6905294666780347,True
solaris,angled_opt,sphere_30mm,11.0,4,0.5,0.6666666666666666,0.3615187510476666,False
solaris,angled_opt,sphere_30mm,11.0,5,0.6666666666666666,0.8333333333333333,0.27040193714155125,False
solaris,angled_opt,sphere_30mm,11.0,6,0.8333333333333333,1.0,0.2454151004597666,False
solaris,angled_opt,sphere_30mm,22.0,1,0.0,0.16666666666666666,0.448571857093515,False
solaris,angled_opt,sphere_30mm,22.0,2,0.16666666666666666,0.3333333333333333,0.335995124108213,False
solaris,angled_opt,sphere_30mm,22.0,3,0.3333333333333333,0.5,0.7715513193750261,True
solaris,angled_opt,sphere_30mm,22.0,4,0.5,0.6666666666666666,0.4168508297664927,False
solaris,angled_opt,sphere_30mm,22.0,5,0.6666666666666666,0.8333333333333333,0.28451406349533476,False
solaris,angled_opt,sphere_30mm,22.0,6,0.8333333333333333,1.0,0.2964035264110791,False
solaris,angled_opt,sphere_30mm,33.0,1,0.0,0.16666666666666666,0.2710572203684608,False
solaris,angled_opt,sphere_30mm,33.0,2,0.16666666666666666,0.3333333333333333,0.23578341221394775,False
solaris,angled_opt,sphere_30mm,33.0,3,0.3333333333333333,0.5,0.8263082072954823,False
solaris,angled_opt,sphere_30mm,33.0,4,0.5,0.6666666666666666,1.1648314193569183,True
solaris,angled_opt,sphere_30mm,33.0,5,0.6666666666666666,0.8333333333333333,0.4703482992461444,False
solaris,angled_opt,sphere_30mm,33.0,6,0.8333333333333333,1.0,0.4527520571894363,False
solaris,angled_opt,sphere_30mm,44.0,1,0.0,0.16666666666666666,0.34082397891682864,False
solaris,angled_opt,sphere_30mm,44.0,2,0.16666666666666666,0.3333333333333333,0.22877651160525947,False
solaris,angled_opt,sphere_30mm,44.0,3,0.3333333333333333,0.5,0.22723682025932823,False
solaris,angled_opt,sphere_30mm,44.0,4,0.5,0.6666666666666666,0.49943220875754946,False
solaris,angled_opt,sphere_30mm,44.0,5,0.6666666666666666,0.8333333333333333,0.5765118478547568,True
solaris,angled_opt,sphere_30mm,44.0,6,0.8333333333333333,1.0,0.4680828010536239,False
solaris,angled_opt,sphere_30mm,55.0,1,0.0,0.16666666666666666,0.12520259821292493,False
solaris,angled_opt,sphere_30mm,55.0,2,0.16666666666666666,0.3333333333333333,0.1436493911225155,False
solaris,angled_opt,sphere_30mm,55.0,3,0.3333333333333333,0.5,0.15315312701639797,False
solaris,angled_opt,sphere_30mm,55.0,4,0.5,0.6666666666666666,0.1701907614893845,False
solaris,angled_opt,sphere_30mm,55.0,5,0.6666666666666666,0.8333333333333333,0.5543131733818254,True
solaris,angled_opt,sphere_30mm,55.0,6,0.8333333333333333,1.0,0.3797987583841076,False
dragon_skin,baseline,sphere_10mm,0.0,1,0.0,0.16666666666666666,0.5092539289361272,True
dragon_skin,baseline,sphere_10mm,0.0,2,0.16666666666666666,0.3333333333333333,0.5008519542103801,False
dragon_skin,baseline,sphere_10mm,0.0,3,0.3333333333333333,0.5,0.13870064860168732,False
dragon_skin,baseline,sphere_10mm,0.0,4,0.5,0.6666666666666666,0.024443451611032625,False
dragon_skin,baseline,sphere_10mm,0.0,5,0.6666666666666666,0.8333333333333333,0.02501688631653676,False
dragon_skin,baseline,sphere_10mm,0.0,6,0.8333333333333333,1.0,0.13422316599198247,False
dragon_skin,baseline,sphere_10mm,11.0,1,0.0,0.16666666666666666,0.18179790929395442,False
dragon_skin,baseline,sphere_10mm,11.0,2,0.16666666666666666,0.3333333333333333,0.8256071097200485,True
dragon_skin,baseline,sphere_10mm,11.0,3,0.3333333333333333,0.5,0.6225296385700976,False
dragon_skin,baseline,sphere_10mm,11.0,4,0.5,0.6666666666666666,0.27799212477024005,False
dragon_skin,baseline,sphere_10mm,11.0,5,0.6666666666666666,0.8333333333333333,0.09804753817842757,False
dragon_skin,baseline,sphere_10mm,11.0,6,0.8333333333333333,1.0,0.16407703795794776,False
dragon_skin,baseline,sphere_10mm,22.0,1,0.0,0.16666666666666666,0.1586118378921306,False
dragon_skin,baseline,sphere_10mm,22.0,2,0.16666666666666666,0.3333333333333333,0.1434158428639826,False
dragon_skin,baseline,sphere_10mm,22.0,3,0.3333333333333333,0.5,0.868400894611484,True
dragon_skin,baseline,sphere_10mm,22.0,4,0.5,0.6666666666666666,0.34868600781260684,False
dragon_skin,baseline,sphere_10mm,22.0,5,0.6666666666666666,0.8333333333333333,0.13047766732991103,False
dragon_skin,baseline,sphere_10mm,22.0,6,0.8333333333333333,1.0,0.1902311241964809,False
dragon_skin,baseline,sphere_10mm,33.0,1,0.0,0.16666666666666666,0.18157993456036897,False
dragon_skin,baseline,sphere_10mm,33.0,2,0.16666666666666666,0.3333333333333333,0.130846360922177,False
dragon_skin,baseline,sphere_10mm,33.0,3,0.3333333333333333,0.5,0.6551156648003322,False
dragon_skin,baseline,sphere_10mm,33.0,4,0.5,0.6666666666666666,1.0707282892875964,True
dragon_skin,baseline,sphere_10mm,33.0,5,0.6666666666666666,0.8333333333333333,0.23453973087327123,False
dragon_skin,baseline,sphere_10mm,33.0,6,0.8333333333333333,1.0,0.17668652588725395,False
dragon_skin,baseline,sphere_10mm,44.0,1,0.0,0.16666666666666666,0.12453477431715354,False
dragon_skin,baseline,sphere_10mm,44.0,2,0.16666666666666666,0.3333333333333333,0.07339103927950312,False
dragon_skin,baseline,sphere_10mm,44.0,3,0.3333333333333333,0.5,0.38497477916725387,False
dragon_skin,baseline,sphere_10mm,44.0,4,0.5,0.6666666666666666,0.8927925044752262,True
dragon_skin,baseline,sphere_10mm,44.0,5,0.6666666666666666,0.8333333333333333,0.704184232493686,False
dragon_skin,baseline,sphere_10mm,44.0,6,0.8333333333333333,1.0,0.2671574601334411,False
dragon_skin,baseline,sphere_10mm,55.0,1,0.0,0.16666666666666666,0.08953355405942921,False
dragon_skin,baseline,sphere_10mm,55.0,2,0.16666666666666666,0.3333333333333333,0.07138908725676807,False
dragon_skin,baseline,sphere_10mm,55.0,3,0.3333333333333333,0.5,0.3619458116876453,False
dragon_skin,baseline,sphere_10mm,55.0,4,0.5,0.6666666666666666,0.32141758253726554,False
dragon_skin,baseline,sphere_10mm,55.0,5,0.6666666666666666,0.8333333333333333,0.8736614271135712,True
dragon_skin,baseline,sphere_10mm,55.0,6,0.8333333333333333,1.0,0.5612757680058315,False
dragon_skin,flat_opt,sphere_10mm,0.0,1,0.0,0.16666666666666666,0.5082661820361664,False
dragon_skin,flat_opt,sphere_10mm,0.0,2,0.16666666666666666,0.3333333333333333,0.7586806609814419,True
dragon_skin,flat_opt,sphere_10mm,0.0,3,0.3333333333333333,0.5,0.030318535112005655,False
dragon_skin,flat_opt,sphere_10mm,0.0,4,0.5,0.6666666666666666,0.06617752554192276,False
dragon_skin,flat_opt,sphere_10mm,0.0,5,0.6666666666666666,0.8333333333333333,0.13822396470639814,False
dragon_skin,flat_opt,sphere_10mm,0.0,6,0.8333333333333333,1.0,0.11083819810071144,False
dragon_skin,flat_opt,sphere_10mm,11.0,1,0.0,0.16666666666666666,0.0758443646062959,False
dragon_skin,flat_opt,sphere_10mm,11.0,2,0.16666666666666666,0.3333333333333333,0.3033022378376474,True
dragon_skin,flat_opt,sphere_10mm,11.0,3,0.3333333333333333,0.5,0.15862644238787735,False
dragon_skin,flat_opt,sphere_10mm,11.0,4,0.5,0.6666666666666666,0.11006766846922579,False
dragon_skin,flat_opt,sphere_10mm,11.0,5,0.6666666666666666,0.8333333333333333,0.17506383365934342,False
dragon_skin,flat_opt,sphere_10mm,11.0,6,0.8333333333333333,1.0,0.12294455757441503,False
dragon_skin,flat_opt,sphere_10mm,22.0,1,0.0,0.16666666666666666,0.14690431650530367,False
dragon_skin,flat_opt,sphere_10mm,22.0,2,0.16666666666666666,0.3333333333333333,0.34103890755432265,True
dragon_skin,flat_opt,sphere_10mm,22.0,3,0.3333333333333333,0.5,0.32931998756127895,False
dragon_skin,flat_opt,sphere_10mm,22.0,4,0.5,0.6666666666666666,0.15565905340749775,False
dragon_skin,flat_opt,sphere_10mm,22.0,5,0.6666666666666666,0.8333333333333333,0.26252951056998824,False
dragon_skin,flat_opt,sphere_10mm,22.0,6,0.8333333333333333,1.0,0.18090804148694883,False
dragon_skin,flat_opt,sphere_10mm,33.0,1,0.0,0.16666666666666666,0.14851150060104407,False
dragon_skin,flat_opt,sphere_10mm,33.0,2,0.16666666666666666,0.3333333333333333,0.18779762311384426,False
dragon_skin,flat_opt,sphere_10mm,33.0,3,0.3333333333333333,0.5,0.5270213347322158,True
dragon_skin,flat_opt,sphere_10mm,33.0,4,0.5,0.6666666666666666,0.19279181393975697,False
dragon_skin,flat_opt,sphere_10mm,33.0,5,0.6666666666666666,0.8333333333333333,0.3704254761716633,False
dragon_skin,flat_opt,sphere_10mm,33.0,6,0.8333333333333333,1.0,0.2714604095534504,False
dragon_skin,flat_opt,sphere_10mm,44.0,1,0.0,0.16666666666666666,0.11894267365534833,False
dragon_skin,flat_opt,sphere_10mm,44.0,2,0.16666666666666666,0.3333333333333333,0.11223671697647078,False
dragon_skin,flat_opt,sphere_10mm,44.0,3,0.3333333333333333,0.5,0.5018215475155666,False
dragon_skin,flat_opt,sphere_10mm,44.0,4,0.5,0.6666666666666666,0.5264589642803484,True
dragon_skin,flat_opt,sphere_10mm,44.0,5,0.6666666666666666,0.8333333333333333,0.11475614217956125,False
dragon_skin,flat_opt,sphere_10mm,44.0,6,0.8333333333333333,1.0,0.06439835959150352,False
dragon_skin,flat_opt,sphere_10mm,55.0,1,0.0,0.16666666666666666,0.09322647309531225,False
dragon_skin,flat_opt,sphere_10mm,55.0,2,0.16666666666666666,0.3333333333333333,0.0727810312407016,False
dragon_skin,flat_opt,sphere_10mm,55.0,3,0.3333333333333333,0.5,0.03623410321611452,False
dragon_skin,flat_opt,sphere_10mm,55.0,4,0.5,0.6666666666666666,0.29456028740144613,False
dragon_skin,flat_opt,sphere_10mm,55.0,5,0.6666666666666666,0.8333333333333333,0.3384768666254421,True
dragon_skin,flat_opt,sphere_10mm,55.0,6,0.8333333333333333,1.0,0.033292093463912625,False
dragon_skin,baseline,sphere_30mm,0.0,1,0.0,0.16666666666666666,0.5762278321040039,False
dragon_skin,baseline,sphere_30mm,0.0,2,0.16666666666666666,0.3333333333333333,0.879136875792012,True
dragon_skin,baseline,sphere_30mm,0.0,3,0.3333333333333333,0.5,0.14159108044850718,False
dragon_skin,baseline,sphere_30mm,0.0,4,0.5,0.6666666666666666,0.02263437348885752,False
dragon_skin,baseline,sphere_30mm,0.0,5,0.6666666666666666,0.8333333333333333,0.026294617059295394,False
dragon_skin,baseline,sphere_30mm,0.0,6,0.8333333333333333,1.0,0.13283994848210476,False
dragon_skin,baseline,sphere_30mm,11.0,1,0.0,0.16666666666666666,0.08628668322601375,False
dragon_skin,baseline,sphere_30mm,11.0,2,0.16666666666666666,0.3333333333333333,1.3643468096428908,True
dragon_skin,baseline,sphere_30mm,11.0,3,0.3333333333333333,0.5,0.9459635949022257,False
dragon_skin,baseline,sphere_30mm,11.0,4,0.5,0.6666666666666666,0.3521094415115528,False
dragon_skin,baseline,sphere_30mm,11.0,5,0.6666666666666666,0.8333333333333333,0.14751163622616514,False
dragon_skin,baseline,sphere_30mm,11.0,6,0.8333333333333333,1.0,0.18522412929137413,False
dragon_skin,baseline,sphere_30mm,22.0,1,0.0,0.16666666666666666,0.163615783798426,False
dragon_skin,baseline,sphere_30mm,22.0,2,0.16666666666666666,0.3333333333333333,0.32972150698151437,False
dragon_skin,baseline,sphere_30mm,22.0,3,0.3333333333333333,0.5,1.61532870493236,True
dragon_skin,baseline,sphere_30mm,22.0,4,0.5,0.6666666666666666,0.347581051509043,False
dragon_skin,baseline,sphere_30mm,22.0,5,0.6666666666666666,0.8333333333333333,0.14167715487578766,False
dragon_skin,baseline,sphere_30mm,22.0,6,0.8333333333333333,1.0,0.1843537641795637,False
dragon_skin,baseline,sphere_30mm,33.0,1,0.0,0.16666666666666666,0.16410639909224775,False
dragon_skin,baseline,sphere_30mm,33.0,2,0.16666666666666666,0.3333333333333333,0.11973071785504812,False
dragon_skin,baseline,sphere_30mm,33.0,3,0.3333333333333333,0.5,1.4238601578822552,True
dragon_skin,baseline,sphere_30mm,33.0,4,0.5,0.6666666666666666,1.3604301471370384,False
dragon_skin,baseline,sphere_30mm,33.0,5,0.6666666666666666,0.8333333333333333,0.28096867138633014,False
dragon_skin,baseline,sphere_30mm,33.0,6,0.8333333333333333,1.0,0.2960418369851004,False
dragon_skin,baseline,sphere_30mm,44.0,1,0.0,0.16666666666666666,0.12692777576551853,False
dragon_skin,baseline,sphere_30mm,44.0,2,0.16666666666666666,0.3333333333333333,0.0826812634733894,False
dragon_skin,baseline,sphere_30mm,44.0,3,0.3333333333333333,0.5,0.5050189614252228,False
dragon_skin,baseline,sphere_30mm,44.0,4,0.5,0.6666666666666666,1.5130155105694054,True
dragon_skin,baseline,sphere_30mm,44.0,5,0.6666666666666666,0.8333333333333333,0.9694630697659572,False
dragon_skin,baseline,sphere_30mm,44.0,6,0.8333333333333333,1.0,0.4034591489171918,False
dragon_skin,baseline,sphere_30mm,55.0,1,0.0,0.16666666666666666,0.10406149935629251,False
dragon_skin,baseline,sphere_30mm,55.0,2,0.16666666666666666,0.3333333333333333,0.06261837898661259,False
dragon_skin,baseline,sphere_30mm,55.0,3,0.3333333333333333,0.5,0.3108086668947889,False
dragon_skin,baseline,sphere_30mm,55.0,4,0.5,0.6666666666666666,0.2855768781187119,False
dragon_skin,baseline,sphere_30mm,55.0,5,0.6666666666666666,0.8333333333333333,1.5025111860843765,True
dragon_skin,baseline,sphere_30mm,55.0,6,0.8333333333333333,1.0,0.7225448707680503,False
dragon_skin,flat_opt,sphere_30mm,0.0,1,0.0,0.16666666666666666,0.9755603692308588,False
dragon_skin,flat_opt,sphere_30mm,0.0,2,0.16666666666666666,0.3333333333333333,1.0994816545364794,True
dragon_skin,flat_opt,sphere_30mm,0.0,3,0.3333333333333333,0.5,0.30573082392249595,False
dragon_skin,flat_opt,sphere_30mm,0.0,4,0.5,0.6666666666666666,0.03399914078574437,False
dragon_skin,flat_opt,sphere_30mm,0.0,5,0.6666666666666666,0.8333333333333333,0.11026003694156644,False
dragon_skin,flat_opt,sphere_30mm,0.0,6,0.8333333333333333,1.0,0.0870542191853756,False
dragon_skin,flat_opt,sphere_30mm,11.0,1,0.0,0.16666666666666666,0.2158924556811599,False
dragon_skin,flat_opt,sphere_30mm,11.0,2,0.16666666666666666,0.3333333333333333,1.7587584909119804,True
dragon_skin,flat_opt,sphere_30mm,11.0,3,0.3333333333333333,0.5,0.45318349065609925,False
dragon_skin,flat_opt,sphere_30mm,11.0,4,0.5,0.6666666666666666,0.03152643359022287,False
dragon_skin,flat_opt,sphere_30mm,11.0,5,0.6666666666666666,0.8333333333333333,0.12091350191117067,False
dragon_skin,flat_opt,sphere_30mm,11.0,6,0.8333333333333333,1.0,0.10500261996120024,False
dragon_skin,flat_opt,sphere_30mm,22.0,1,0.0,0.16666666666666666,0.05004324328374141,False
dragon_skin,flat_opt,sphere_30mm,22.0,2,0.16666666666666666,0.3333333333333333,0.6740827748174573,True
dragon_skin,flat_opt,sphere_30mm,22.0,3,0.3333333333333333,0.5,0.3521129251021047,False
dragon_skin,flat_opt,sphere_30mm,22.0,4,0.5,0.6666666666666666,0.17416937220665257,False
dragon_skin,flat_opt,sphere_30mm,22.0,5,0.6666666666666666,0.8333333333333333,0.13613546923121053,False
dragon_skin,flat_opt,sphere_30mm,22.0,6,0.8333333333333333,1.0,0.12108604753249047,False
dragon_skin,flat_opt,sphere_30mm,33.0,1,0.0,0.16666666666666666,0.08913486850793258,False
dragon_skin,flat_opt,sphere_30mm,33.0,2,0.16666666666666666,0.3333333333333333,0.21052544867465567,False
dragon_skin,flat_opt,sphere_30mm,33.0,3,0.3333333333333333,0.5,0.7342554370293393,True
dragon_skin,flat_opt,sphere_30mm,33.0,4,0.5,0.6666666666666666,0.19142955318921245,False
dragon_skin,flat_opt,sphere_30mm,33.0,5,0.6666666666666666,0.8333333333333333,0.1367188096473289,False
dragon_skin,flat_opt,sphere_30mm,33.0,6,0.8333333333333333,1.0,0.14624792500456957,False
dragon_skin,flat_opt,sphere_30mm,44.0,1,0.0,0.16666666666666666,0.16820802371576563,False
dragon_skin,flat_opt,sphere_30mm,44.0,2,0.16666666666666666,0.3333333333333333,0.13645919490964933,False
dragon_skin,flat_opt,sphere_30mm,44.0,3,0.3333333333333333,0.5,1.2159146670786678,True
dragon_skin,flat_opt,sphere_30mm,44.0,4,0.5,0.6666666666666666,0.6784268268417047,False
dragon_skin,flat_opt,sphere_30mm,44.0,5,0.6666666666666666,0.8333333333333333,0.39169786370838894,False
dragon_skin,flat_opt,sphere_30mm,44.0,6,0.8333333333333333,1.0,0.05883888725378323,False
dragon_skin,flat_opt,sphere_30mm,55.0,1,0.0,0.16666666666666666,0.08213948054510772,False
dragon_skin,flat_opt,sphere_30mm,55.0,2,0.16666666666666666,0.3333333333333333,0.06279052936269823,False
dragon_skin,flat_opt,sphere_30mm,55.0,3,0.3333333333333333,0.5,0.0965307330961085,False
dragon_skin,flat_opt,sphere_30mm,55.0,4,0.5,0.6666666666666666,0.3914599203919673,True
dragon_skin,flat_opt,sphere_30mm,55.0,5,0.6666666666666666,0.8333333333333333,0.19434351088286425,False
dragon_skin,flat_opt,sphere_30mm,55.0,6,0.8333333333333333,1.0,0.045260348997703155,False
