material,morphology,indenter,force_n,contact_i_mm,contact_j_mm,D_neighbor_DN
solaris,baseline,sphere_10mm,2.0,0.0,11.0,2.3296825865626896
solaris,baseline,sphere_10mm,2.0,11.0,22.0,2.320111669876447
solaris,baseline,sphere_10mm,2.0,22.0,33.0,2.2033252768699545
solaris,baseline,sphere_10mm,2.0,33.0,44.0,2.0309595300308634
solaris,baseline,sphere_10mm,2.0,44.0,55.0,1.6328738613485725
solaris,baseline,sphere_10mm,5.0,0.0,11.0,5.176257278574198
solaris,baseline,sphere_10mm,5.0,11.0,22.0,3.0726816828097836
solaris,baseline,sphere_10mm,5.0,22.0,33.0,3.2319518992776124
solaris,baseline,sphere_10mm,5.0,33.0,44.0,3.3420686843250618
solaris,baseline,sphere_10mm,5.0,44.0,55.0,2.679893529909885
solaris,baseline,sphere_10mm,10.0,0.0,11.0,6.365309946681329
solaris,baseline,sphere_10mm,10.0,11.0,22.0,3.732684295733146
solaris,baseline,sphere_10mm,10.0,22.0,33.0,4.849861911102673
solaris,baseline,sphere_10mm,10.0,33.0,44.0,5.292568490233079
solaris,baseline,sphere_10mm,10.0,44.0,55.0,4.59376867405122
solaris,baseline,sphere_10mm,15.0,0.0,11.0,6.2555364778882
solaris,baseline,sphere_10mm,15.0,11.0,22.0,4.435108270441104
solaris,baseline,sphere_10mm,15.0,22.0,33.0,5.658297293798916
solaris,baseline,sphere_10mm,15.0,33.0,44.0,6.320871487495571
solaris,baseline,sphere_10mm,15.0,44.0,55.0,6.8572860396901305
solaris,flat_opt,sphere_10mm,2.0,0.0,11.0,3.260611017756994
solaris,flat_opt,sphere_10mm,2.0,11.0,22.0,2.198309814904691
solaris,flat_opt,sphere_10mm,2.0,22.0,33.0,1.5063929303916204
solaris,flat_opt,sphere_10mm,2.0,33.0,44.0,1.4910638287280051
solaris,flat_opt,sphere_10mm,2.0,44.0,55.0,0.9031056657384782
solaris,flat_opt,sphere_10mm,5.0,0.0,11.0,4.933999402455399
solaris,flat_opt,sphere_10mm,5.0,11.0,22.0,3.77274183007461
solaris,flat_opt,sphere_10mm,5.0,22.0,33.0,2.8369027974938152
solaris,flat_opt,sphere_10mm,5.0,33.0,44.0,3.576928633295895
solaris,flat_opt,sphere_10mm,5.0,44.0,55.0,2.568478910179717
solaris,flat_opt,sphere_10mm,10.0,0.0,11.0,6.189991674742545
solaris,flat_opt,sphere_10mm,10.0,11.0,22.0,5.264779702685862
solaris,flat_opt,sphere_10mm,10.0,22.0,33.0,3.9328916419530784
solaris,flat_opt,sphere_10mm,10.0,33.0,44.0,5.557526042551926
solaris,flat_opt,sphere_10mm,10.0,44.0,55.0,4.62718584940457
solaris,flat_opt,sphere_10mm,15.0,0.0,11.0,6.67601893356113
solaris,flat_opt,sphere_10mm,15.0,11.0,22.0,6.390645298078435
solaris,flat_opt,sphere_10mm,15.0,22.0,33.0,4.65557445213368
solaris,flat_opt,sphere_10mm,15.0,33.0,44.0,6.702954703937603
solaris,flat_opt,sphere_10mm,15.0,44.0,55.0,5.936848294286774
solaris,angled_opt,sphere_10mm,2.0,0.0,11.0,3.3693399759435785
solaris,angled_opt,sphere_10mm,2.0,11.0,22.0,3.3654757682509167
solaris,angled_opt,sphere_10mm,2.0,22.0,33.0,2.4246775705956707
solaris,angled_opt,sphere_10mm,2.0,33.0,44.0,3.636093239505722
solaris,angled_opt,sphere_10mm,2.0,44.0,55.0,2.0580627942187486
solaris,angled_opt,sphere_10mm,5.0,0.0,11.0,4.754862257457959
solaris,angled_opt,sphere_10mm,5.0,11.0,22.0,4.560786906656339
solaris,angled_opt,sphere_10mm,5.0,22.0,33.0,3.637782717126341
solaris,angled_opt,sphere_10mm,5.0,33.0,44.0,4.834254397137417
solaris,angled_opt,sphere_10mm,5.0,44.0,55.0,3.7505445322197755
solaris,angled_opt,sphere_10mm,10.0,0.0,11.0,6.173097033296584
solaris,angled_opt,sphere_10mm,10.0,11.0,22.0,5.9355383471950605
solaris,angled_opt,sphere_10mm,10.0,22.0,33.0,5.218122788297644
solaris,angled_opt,sphere_10mm,10.0,33.0,44.0,6.157681473262479
solaris,angled_opt,sphere_10mm,10.0,44.0,55.0,5.750285259248584
solaris,angled_opt,sphere_10mm,15.0,0.0,11.0,6.620869058763815
solaris,angled_opt,sphere_10mm,15.0,11.0,22.0,6.6222961001785485
solaris,angled_opt,sphere_10mm,15.0,22.0,33.0,6.036922468051882
solaris,angled_opt,sphere_10mm,15.0,33.0,44.0,7.268602397370375
solaris,angled_opt,sphere_10mm,15.0,44.0,55.0,7.190948656512254
solaris,baseline,sphere_30mm,2.0,0.0,11.0,2.3538360935589044
solaris,baseline,sphere_30mm,2.0,11.0,22.0,2.9825737297970254
solaris,baseline,sphere_30mm,2.0,22.0,33.0,2.2002854517344774
solaris,baseline,sphere_30mm,2.0,33.0,44.0,2.7874077134275397
solaris,baseline,sphere_30mm,2.0,44.0,55.0,2.444963632286563
solaris,baseline,sphere_30mm,5.0,0.0,11.0,3.6689189606669963
solaris,baseline,sphere_30mm,5.0,11.0,22.0,3.2990878703547364
solaris,baseline,sphere_30mm,5.0,22.0,33.0,2.7368939968065784
solaris,baseline,sphere_30mm,5.0,33.0,44.0,4.627495108805532
solaris,baseline,sphere_30mm,5.0,44.0,55.0,3.25204173488232
solaris,baseline,sphere_30mm,10.0,0.0,11.0,4.968800410522528
solaris,baseline,sphere_30mm,10.0,11.0,22.0,3.3782017110006297
solaris,baseline,sphere_30mm,10.0,22.0,33.0,3.785504138662337
solaris,baseline,sphere_30mm,10.0,33.0,44.0,5.870308065991746
solaris,baseline,sphere_30mm,10.0,44.0,55.0,4.930484828266125
solaris,baseline,sphere_30mm,15.0,0.0,11.0,5.5986616251774555
solaris,baseline,sphere_30mm,15.0,11.0,22.0,2.9374397958423057
solaris,baseline,sphere_30mm,15.0,22.0,33.0,4.596111453530726
solaris,baseline,sphere_30mm,15.0,33.0,44.0,6.533861286771738
solaris,baseline,sphere_30mm,15.0,44.0,55.0,6.153235507796484
solaris,flat_opt,sphere_30mm,2.0,0.0,11.0,2.890989574574547
solaris,flat_opt,sphere_30mm,2.0,11.0,22.0,1.5858189614276534
solaris,flat_opt,sphere_30mm,2.0,22.0,33.0,1.3070407003022633
solaris,flat_opt,sphere_30mm,2.0,33.0,44.0,1.5310407015521175
solaris,flat_opt,sphere_30mm,2.0,44.0,55.0,0.9693659636449257
solaris,flat_opt,sphere_30mm,5.0,0.0,11.0,4.557673440345025
solaris,flat_opt,sphere_30mm,5.0,11.0,22.0,3.0504717669665142
solaris,flat_opt,sphere_30mm,5.0,22.0,33.0,2.267126692627795
solaris,flat_opt,sphere_30mm,5.0,33.0,44.0,3.3006977998778213
solaris,flat_opt,sphere_30mm,5.0,44.0,55.0,2.4359795798375785
solaris,flat_opt,sphere_30mm,10.0,0.0,11.0,5.582729299071056
solaris,flat_opt,sphere_30mm,10.0,11.0,22.0,4.346010287397739
solaris,flat_opt,sphere_30mm,10.0,22.0,33.0,3.463411583882754
solaris,flat_opt,sphere_30mm,10.0,33.0,44.0,4.660967006747195
solaris,flat_opt,sphere_30mm,10.0,44.0,55.0,4.062337873035748
solaris,flat_opt,sphere_30mm,15.0,0.0,11.0,5.945289052392951
solaris,flat_opt,sphere_30mm,15.0,11.0,22.0,5.097448680135528
solaris,flat_opt,sphere_30mm,15.0,22.0,33.0,4.087693691702012
solaris,flat_opt,sphere_30mm,15.0,33.0,44.0,5.302320894038253
solaris,flat_opt,sphere_30mm,15.0,44.0,55.0,5.512060603203998
solaris,angled_opt,sphere_30mm,2.0,0.0,11.0,0.41394733224448443
solaris,angled_opt,sphere_30mm,2.0,11.0,22.0,0.9109569506255901
solaris,angled_opt,sphere_30mm,2.0,22.0,33.0,1.7202964701567507
solaris,angled_opt,sphere_30mm,2.0,33.0,44.0,2.0632006621599532
solaris,angled_opt,sphere_30mm,2.0,44.0,55.0,1.1053503729964085
solaris,angled_opt,sphere_30mm,5.0,0.0,11.0,4.108616675442758
solaris,angled_opt,sphere_30mm,5.0,11.0,22.0,2.9129637088316795
solaris,angled_opt,sphere_30mm,5.0,22.0,33.0,2.495114944632625
solaris,angled_opt,sphere_30mm,5.0,33.0,44.0,3.184826509765112
solaris,angled_opt,sphere_30mm,5.0,44.0,55.0,2.9980416629178284
solaris,angled_opt,sphere_30mm,10.0,0.0,11.0,5.462795899653629
solaris,angled_opt,sphere_30mm,10.0,11.0,22.0,3.2630848221594664
solaris,angled_opt,sphere_30mm,10.0,22.0,33.0,4.483094138046518
solaris,angled_opt,sphere_30mm,10.0,33.0,44.0,5.408919789550694
solaris,angled_opt,sphere_30mm,10.0,44.0,55.0,4.357097527059545
solaris,angled_opt,sphere_30mm,15.0,0.0,11.0,6.593156816668474
solaris,angled_opt,sphere_30mm,15.0,11.0,22.0,3.88296571867611
solaris,angled_opt,sphere_30mm,15.0,22.0,33.0,5.71323520396877
solaris,angled_opt,sphere_30mm,15.0,33.0,44.0,6.843204942369505
solaris,angled_opt,sphere_30mm,15.0,44.0,55.0,5.146456497147721
dragon_skin,baseline,sphere_10mm,2.0,0.0,11.0,2.033633886031113
dragon_skin,baseline,sphere_10mm,2.0,11.0,22.0,1.654778521478275
dragon_skin,baseline,sphere_10mm,2.0,22.0,33.0,2.550119036928422
dragon_skin,baseline,sphere_10mm,2.0,33.0,44.0,2.7227703962406675
dragon_skin,baseline,sphere_10mm,2.0,44.0,55.0,1.6861036205550335
dragon_skin,baseline,sphere_10mm,5.0,0.0,11.0,2.9010168560082192
dragon_skin,baseline,sphere_10mm,5.0,11.0,22.0,1.7931184249165162
dragon_skin,baseline,sphere_10mm,5.0,22.0,33.0,3.131096826356232
dragon_skin,baseline,sphere_10mm,5.0,33.0,44.0,2.897734703775938
dragon_skin,baseline,sphere_10mm,5.0,44.0,55.0,2.9495693872029767
dragon_skin,baseline,sphere_10mm,10.0,0.0,11.0,4.469445693746913
dragon_skin,baseline,sphere_10mm,10.0,11.0,22.0,2.9574437691028903
dragon_skin,baseline,sphere_10mm,10.0,22.0,33.0,3.7375817927010178
dragon_skin,baseline,sphere_10mm,10.0,33.0,44.0,3.190941596769545
dragon_skin,baseline,sphere_10mm,10.0,44.0,55.0,4.9073787066951455
dragon_skin,baseline,sphere_10mm,15.0,0.0,11.0,5.716060306477025
dragon_skin,baseline,sphere_10mm,15.0,11.0,22.0,4.363313126715137
dragon_skin,baseline,sphere_10mm,15.0,22.0,33.0,4.858443373868317
dragon_skin,baseline,sphere_10mm,15.0,33.0,44.0,4.380608217020698
dragon_skin,baseline,sphere_10mm,15.0,44.0,55.0,5.500099167726728
dragon_skin,flat_opt,sphere_10mm,2.0,0.0,11.0,4.527776446288521
dragon_skin,flat_opt,sphere_10mm,2.0,11.0,22.0,5.476000638662658
dragon_skin,flat_opt,sphere_10mm,2.0,22.0,33.0,6.093693201269415
dragon_skin,flat_opt,sphere_10mm,2.0,33.0,44.0,6.372017956250607
dragon_skin,flat_opt,sphere_10mm,2.0,44.0,55.0,9.67066678641968
dragon_skin,flat_opt,sphere_10mm,5.0,0.0,11.0,4.323144237328584
dragon_skin,flat_opt,sphere_10mm,5.0,11.0,22.0,5.068912223700986
dragon_skin,flat_opt,sphere_10mm,5.0,22.0,33.0,5.60721083968655
dragon_skin,flat_opt,sphere_10mm,5.0,33.0,44.0,5.6432118621050735
dragon_skin,flat_opt,sphere_10mm,5.0,44.0,55.0,9.202325738652968
dragon_skin,flat_opt,sphere_10mm,10.0,0.0,11.0,4.45203951622339
dragon_skin,flat_opt,sphere_10mm,10.0,11.0,22.0,4.890666661025477
dragon_skin,flat_opt,sphere_10mm,10.0,22.0,33.0,5.4618082039554725
dragon_skin,flat_opt,sphere_10mm,10.0,33.0,44.0,5.447652623555885
dragon_skin,flat_opt,sphere_10mm,10.0,44.0,55.0,9.055362095545966
dragon_skin,flat_opt,sphere_10mm,15.0,0.0,11.0,5.7647245212988185
dragon_skin,flat_opt,sphere_10mm,15.0,11.0,22.0,4.8029249589865035
dragon_skin,flat_opt,sphere_10mm,15.0,22.0,33.0,5.366790449801106
dragon_skin,flat_opt,sphere_10mm,15.0,33.0,44.0,5.3547551487111145
dragon_skin,flat_opt,sphere_10mm,15.0,44.0,55.0,9.013411657999352
dragon_skin,baseline,sphere_30mm,2.0,0.0,11.0,1.7808817402277992
dragon_skin,baseline,sphere_30mm,2.0,11.0,22.0,1.971373512481215
dragon_skin,baseline,sphere_30mm,2.0,22.0,33.0,2.5421707686143358
dragon_skin,baseline,sphere_30mm,2.0,33.0,44.0,2.733459673239954
dragon_skin,baseline,sphere_30mm,2.0,44.0,55.0,2.227750551219655
dragon_skin,baseline,sphere_30mm,5.0,0.0,11.0,2.816544516895201
dragon_skin,baseline,sphere_30mm,5.0,11.0,22.0,3.981994721273792
dragon_skin,baseline,sphere_30mm,5.0,22.0,33.0,5.281038412489316
dragon_skin,baseline,sphere_30mm,5.0,33.0,44.0,4.665245255455398
dragon_skin,baseline,sphere_30mm,5.0,44.0,55.0,6.3301408168428654
dragon_skin,baseline,sphere_30mm,10.0,0.0,11.0,5.568856581179753
dragon_skin,baseline,sphere_30mm,10.0,11.0,22.0,7.116968653247102
dragon_skin,baseline,sphere_30mm,10.0,22.0,33.0,7.720086771811682
dragon_skin,baseline,sphere_30mm,10.0,33.0,44.0,6.644578844267274
dragon_skin,baseline,sphere_30mm,10.0,44.0,55.0,8.600926495009793
dragon_skin,baseline,sphere_30mm,15.0,0.0,11.0,8.252603050583641
dragon_skin,baseline,sphere_30mm,15.0,11.0,22.0,7.959817899378555
dragon_skin,baseline,sphere_30mm,15.0,22.0,33.0,9.168184293184572
dragon_skin,baseline,sphere_30mm,15.0,33.0,44.0,8.610388292362433
dragon_skin,baseline,sphere_30mm,15.0,44.0,55.0,9.648498719975326
dragon_skin,flat_opt,sphere_30mm,2.0,0.0,11.0,5.754354625237757
dragon_skin,flat_opt,sphere_30mm,2.0,11.0,22.0,8.687817015844443
dragon_skin,flat_opt,sphere_30mm,2.0,22.0,33.0,9.751336942790893
dragon_skin,flat_opt,sphere_30mm,2.0,33.0,44.0,7.2697204683382175
dragon_skin,flat_opt,sphere_30mm,2.0,44.0,55.0,21.822297865794997
dragon_skin,flat_opt,sphere_30mm,5.0,0.0,11.0,6.243833673950275
dragon_skin,flat_opt,sphere_30mm,5.0,11.0,22.0,9.417996069366662
dragon_skin,flat_opt,sphere_30mm,5.0,22.0,33.0,9.847020400647734
dragon_skin,flat_opt,sphere_30mm,5.0,33.0,44.0,7.046691451811149
dragon_skin,flat_opt,sphere_30mm,5.0,44.0,55.0,22.2081079296354
dragon_skin,flat_opt,sphere_30mm,10.0,0.0,11.0,7.689047241403418
dragon_skin,flat_opt,sphere_30mm,10.0,11.0,22.0,11.258639574378575
dragon_skin,flat_opt,sphere_30mm,10.0,22.0,33.0,10.03759284247393
dragon_skin,flat_opt,sphere_30mm,10.0,33.0,44.0,6.70192857252644
dragon_skin,flat_opt,sphere_30mm,10.0,44.0,55.0,23.126037327034958
dragon_skin,flat_opt,sphere_30mm,15.0,0.0,11.0,9.216255136871467
dragon_skin,flat_opt,sphere_30mm,15.0,11.0,22.0,12.921440799457812
dragon_skin,flat_opt,sphere_30mm,15.0,22.0,33.0,10.463220847439619
dragon_skin,flat_opt,sphere_30mm,15.0,33.0,44.0,6.185317366052538
dragon_skin,flat_opt,sphere_30mm,15.0,44.0,55.0,24.89334431155132
